"scenario","repetition","first","second"
"simple","1","node","bun"
"simple","2","bun","node"
"simple","3","node","bun"
"simple","4","bun","node"
"simple","5","node","bun"
"simple","6","bun","node"
"simple","7","node","bun"
"simple","8","bun","node"
"simple","9","node","bun"
"simple","10","bun","node"
"simple","11","node","bun"
"simple","12","bun","node"
"simple","13","node","bun"
"simple","14","bun","node"
"simple","15","node","bun"
"simple","16","bun","node"
"simple","17","node","bun"
"simple","18","bun","node"
"simple","19","node","bun"
"simple","20","bun","node"
"simple","21","node","bun"
"simple","22","bun","node"
"simple","23","node","bun"
"simple","24","bun","node"
"simple","25","node","bun"
"compute","1","node","bun"
"compute","2","bun","node"
"compute","3","node","bun"
"compute","4","bun","node"
"compute","5","node","bun"
"compute","6","bun","node"
"compute","7","node","bun"
"compute","8","bun","node"
"compute","9","node","bun"
"compute","10","bun","node"
"compute","11","node","bun"
"compute","12","bun","node"
"compute","13","node","bun"
"compute","14","bun","node"
"compute","15","node","bun"
"compute","16","bun","node"
"compute","17","node","bun"
"compute","18","bun","node"
"compute","19","node","bun"
"compute","20","bun","node"
"compute","21","node","bun"
"compute","22","bun","node"
"compute","23","node","bun"
"compute","24","bun","node"
"compute","25","node","bun"
"file-read","1","node","bun"
"file-read","2","bun","node"
"file-read","3","node","bun"
"file-read","4","bun","node"
"file-read","5","node","bun"
"file-read","6","bun","node"
"file-read","7","node","bun"
"file-read","8","bun","node"
"file-read","9","node","bun"
"file-read","10","bun","node"
"file-read","11","node","bun"
"file-read","12","bun","node"
"file-read","13","node","bun"
"file-read","14","bun","node"
"file-read","15","node","bun"
"file-read","16","bun","node"
"file-read","17","node","bun"
"file-read","18","bun","node"
"file-read","19","node","bun"
"file-read","20","bun","node"
"file-read","21","node","bun"
"file-read","22","bun","node"
"file-read","23","node","bun"
"file-read","24","bun","node"
"file-read","25","node","bun"
"file-write","1","node","bun"
"file-write","2","bun","node"
"file-write","3","node","bun"
"file-write","4","bun","node"
"file-write","5","node","bun"
"file-write","6","bun","node"
"file-write","7","node","bun"
"file-write","8","bun","node"
"file-write","9","node","bun"
"file-write","10","bun","node"
"file-write","11","node","bun"
"file-write","12","bun","node"
"file-write","13","node","bun"
"file-write","14","bun","node"
"file-write","15","node","bun"
"file-write","16","bun","node"
"file-write","17","node","bun"
"file-write","18","bun","node"
"file-write","19","node","bun"
"file-write","20","bun","node"
"file-write","21","node","bun"
"file-write","22","bun","node"
"file-write","23","node","bun"
"file-write","24","bun","node"
"file-write","25","node","bun"
"json","1","node","bun"
"json","2","bun","node"
"json","3","node","bun"
"json","4","bun","node"
"json","5","node","bun"
"json","6","bun","node"
"json","7","node","bun"
"json","8","bun","node"
"json","9","node","bun"
"json","10","bun","node"
"json","11","node","bun"
"json","12","bun","node"
"json","13","node","bun"
"json","14","bun","node"
"json","15","node","bun"
"json","16","bun","node"
"json","17","node","bun"
"json","18","bun","node"
"json","19","node","bun"
"json","20","bun","node"
"json","21","node","bun"
"json","22","bun","node"
"json","23","node","bun"
"json","24","bun","node"
"json","25","node","bun"
"auth","1","node","bun"
"auth","2","bun","node"
"auth","3","node","bun"
"auth","4","bun","node"
"auth","5","node","bun"
"auth","6","bun","node"
"auth","7","node","bun"
"auth","8","bun","node"
"auth","9","node","bun"
"auth","10","bun","node"
"auth","11","node","bun"
"auth","12","bun","node"
"auth","13","node","bun"
"auth","14","bun","node"
"auth","15","node","bun"
"auth","16","bun","node"
"auth","17","node","bun"
"auth","18","bun","node"
"auth","19","node","bun"
"auth","20","bun","node"
"auth","21","node","bun"
"auth","22","bun","node"
"auth","23","node","bun"
"auth","24","bun","node"
"auth","25","node","bun"
